,Name,ST
17980,L. Sackey,31.0
17779,M. Zettl,43.0
15236,O. Sowunmi,44.0
17877,E. Mason-Clark,45.0
17978,J. Young,45.0
17969,F. Prohart,46.0
17382,H. Logan,47.0
17948,R. Roache,47.0
17944,M. Foy,47.0
17716,P. Almqvist,47.0
17718,M. Warming,47.0
17885,S. McSweeney,48.0
17730,F. Roepstorff,48.0
17795,A. Junge,49.0
17284,S. Brady,49.0
17799,T. Knowles,49.0
16236,J. Earl,49.0
17800,N. Blasucci,49.0
17821,S. Nolan,49.0
17823,S. Kogut,49.0
17827,J. Johansson,49.0
17841,J. McMenemy,49.0
17845,A. Berisha,49.0
17850,A. Rose,49.0
17860,J. Aherne,49.0
17861,A. Bruseth,49.0
17878,L. Demaj,49.0
17881,J. Gray,49.0
17884,M. Moric,49.0
16862,C. Senior,49.0
17809,G. Fasolo,49.0
17657,A. Georgiou,50.0
16275,A. Beestin,50.0
17640,M. O'Connor,50.0
17663,K. Weber,50.0
16809,P. Vagic,50.0
17680,E. McCormack,50.0
17688,R. Meshino,50.0
17695,H. Sharahili,50.0
17666,J. Dyche,50.0
17736,J. Iaciofano,50.0
17739,P. Camará,50.0
17754,N. Gómez,50.0
17722,A. Nadesan,50.0
17765,O. Dale,50.0
17466,M. Penfold,51.0
17474,R. Dingwall,51.0
17486,G. Newell,51.0
17476,M. Jay,51.0
17492,S. Passi,51.0
17503,K. Ekman,51.0
17533,P. Sabbag,51.0
17539,C. Farren,51.0
17591,E. Jakobsen,51.0
17601,J. Barrigan,51.0
17619,K. Velde,51.0
17631,M. Gillam,51.0
17638,C. McLennan,51.0
17490,P. Waring,51.0
17274,H. Nilsen,52.0
17307,A. Waagan,52.0
17301,E. Gajko,52.0
17290,F. Sosa,52.0
17276,T. Seferi,52.0
17269,P. Schoch,52.0
16953,S. Kenny,52.0
17247,C. Hall,52.0
17243,J. Knowles,52.0
9521,T. Sana,52.0
15346,V. Henry,52.0
17310,R. Webb-Foster,52.0
17971,R. White,52.0
16851,P. Omombe,52.0
17252,G. Morrison,52.0
17321,Lee Jung Jin,52.0
17316,M. Al Maqadi,52.0
17459,R. Deakin,52.0
17435,C. Peters,52.0
17403,H. Al Jasim,52.0
17436,T. Blake,52.0
17344,L. Pompilio,52.0
17453,J. Umerah,52.0
17423,K. Sterling,52.0
17411,M. Doyle,52.0
17464,O. Edlund,52.0
17401,A. Zeqiri,52.0
17395,J. Antwi-Nyame,52.0
17390,L. Krakowczyk,52.0
17388,G. Foulon,52.0
17705,A. Gilchrist,52.0
17375,M. Ramkilde,52.0
17374,C. Saunders,52.0
17368,W. Nowak,52.0
17362,C. Ellis,52.0
17359,T. Mannek,52.0
17352,K. Krygård,52.0
17431,B. Babic,52.0
17425,A. Al Obud,52.0
17025,L. Pintor,53.0
17034,K. Metz,53.0
17003,E. Botheim,53.0
17020,J. Capacho,53.0
16993,I. Meite,53.0
14195,J. Thompson,53.0
16991,A. Linnér,53.0
16307,A. Maksimenko,53.0
17051,N. Dyachenko,53.0
16439,J. McDonagh,53.0
16992,I. Keita,53.0
17052,S. Boyd,53.0
17182,A. Takagi,53.0
16124,A. Hlynsson,53.0
17233,A. Zahui Bazoukou,53.0
17218,S. Cosgrove,53.0
17075,R. Tierney,53.0
17200,F. Rodríguez Calleriza,53.0
17192,I. Messaoud,53.0
17190,B. Lasme,53.0
17177,S. Boyd,53.0
17169,A. Majok,53.0
17167,N. Leighton,53.0
17160,C. Triana,53.0
17152,O. Shaw,53.0
17205,L. Reynolds,53.0
17096,J. Margetts,53.0
17144,D. Kurminowski,53.0
17134,O. Zanzala,53.0
17131,J. Law,53.0
17126,F. Piszczek,53.0
17124,M. Al Johani,53.0
17114,F. Al Harbi,53.0
17094,S. Quigley,53.0
17085,S. Donnelly,53.0
16750,S. Tigges,54.0
16761,M. Karaahmet,54.0
16762,R. Bennett,54.0
16080,A. Holst,54.0
16790,E. Sabbi,54.0
16738,A. Agouda,54.0
16791,L. Ellington,54.0
16764,G. Koyalipou,54.0
16723,A. Ramalingom,54.0
16713,I. Camara,54.0
16717,Herson Alves,54.0
16715,M. Żebrakowski,54.0
16263,C. Miller,54.0
16710,B. Clayton,54.0
16708,R. Balanta,54.0
16702,D. Mushitu,54.0
16700,N. Hunziker,54.0
16622,M. Agaronyan,54.0
14396,C. Villagra,54.0
16722,L. Rowe,54.0
16803,A. Pinga,54.0
16962,A. Ba,54.0
16817,S. Mullings,54.0
16814,O. Bugiel,54.0
16950,P. Cunningham,54.0
16957,A. Connolly,54.0
16961,I. Boye,54.0
16947,S. Nombe,54.0
16965,T. Mauer,54.0
16966,B. Hanlan,54.0
16967,J. Gordon,54.0
16969,H. Cardwell,54.0
16970,M. Brændsrød,54.0
16975,B. Crowley,54.0
16978,A. Avdijaj,54.0
16946,C. Olesen,54.0
16944,E. Pierce,54.0
16920,C. Vernam,54.0
16968,A. Ammitzbøl,54.0
16909,M. Biamou,54.0
16821,K. Nissen,54.0
17078,M. Kennedy,54.0
16831,T. Smith,54.0
16915,B. Banda,54.0
16842,N. Baden Frederiksen,54.0
16854,K. Lynge,54.0
16863,K. Muskwe,54.0
16840,W. Graham,54.0
16864,J. Nuttall,54.0
16903,M. Attiyah,54.0
16874,T. Haraldsson,54.0
16884,S. Tuton,54.0
16897,J. Ponticelli,54.0
16902,J. Lundberg,54.0
16458,G. Rizzo,55.0
16448,T. Müsel,55.0
16444,M. Volpe,55.0
16426,P. Schmidt,55.0
16425,R. Mierez,55.0
16414,C. Carletti,55.0
15911,C. Furlong,55.0
16413,J. Soladio,55.0
16403,Y. Frick,55.0
14368,Park Jung Ho,55.0
11602,T. Steinherr,55.0
15259,S. Matic,55.0
16482,N. Batalla,55.0
16422,V. Kusej,55.0
16488,C. Rojas,55.0
16481,A. De Oliveira Maia,55.0
16498,C. Ogbene,55.0
16660,F. Antúnez,55.0
16686,M. Candlin,55.0
16655,E. Ngassaki Ndongo,55.0
16493,Alan,55.0
16652,J. Kaye,55.0
16650,A. Reid,55.0
16802,N. Bustos,55.0
16639,D. Breitfelder,55.0
16632,J. Edwards,55.0
16618,K. Oshima,55.0
16607,C. Egbuchulam,55.0
16606,K. Ichimi,55.0
16600,F. Schubert,55.0
16684,R. Currie,55.0
16580,M. Al Huthaifi,55.0
16506,B. Igiehon,55.0
16511,G. Gerkondani,55.0
16518,F. Dietz,55.0
16589,G. Cundle,55.0
16539,R. Velazco,55.0
16543,T. Elsebutangen,55.0
16536,G. Pender,55.0
16554,D. Stückler,55.0
16577,T. Attis,55.0
16579,K. Jackson,55.0
16549,S. Grønning,55.0
16125,N. Amamoo,56.0
16139,E. Orona,56.0
16130,H. Garba,56.0
16074,V. Mustafa,56.0
16113,R. Pyke,56.0
16105,K. Genaro,56.0
16087,N. Mortensen,56.0
14620,M. Patterson,56.0
16085,J. McKay,56.0
16082,F. El Bakhtaoui,56.0
16129,Y. Horigome,56.0
16008,A. Sobczyk,56.0
16069,S. García,56.0
16065,M. Afaker,56.0
16060,K. Mori,56.0
16057,C. Lang,56.0
16038,S. Kumagai,56.0
16034,J. Kristoffersen,56.0
16023,O. Patrick,56.0
16014,M. Smolarczyk,56.0
15570,R. Hack,56.0
15396,J. Green,56.0
16141,M. Cheukoua,56.0
14478,M. Chouiar,56.0
14790,A. Evans,56.0
16072,L. Lescano,56.0
16144,M. Raguž,56.0
16294,A. Samizadeh,56.0
16153,M. Stevens,56.0
16688,M. Jakoliš,56.0
16302,B. Dione,56.0
16303,G. Shaw,56.0
16319,S. Pedersen,56.0
16357,S. Haugen,56.0
16145,J. Valencia,56.0
16355,D. López,56.0
16291,J. Balanta,56.0
16326,C. Hendry,56.0
16351,M. Jackson,56.0
16344,T. Kishimoto,56.0
16373,H. Smith,56.0
16378,C. Omeje,56.0
16443,J. Dolný,56.0
16560,M. Ludwig,56.0
16350,Dudu,56.0
16354,K. Wootton,56.0
16289,Kim Dong Gi,56.0
16365,B. Ashley-Seal,56.0
16277,Z. Faour,56.0
16162,A. Al Yahya,56.0
16177,A. Helmersen,56.0
16178,H. Limb,56.0
16186,N. Maná,56.0
16286,D. Wilson,56.0
16197,B. Bye,56.0
16205,T. Gran,56.0
16364,S. Smith,56.0
16216,A. Fletcher,56.0
16187,D. Ledecký,56.0
16242,N. D'Agostino,56.0
16257,A. Peñaranda,56.0
16255,S. Lomónaco,56.0
16244,N. Depuy,56.0
16259,Jong Il Gwan,56.0
16265,L. Nash,56.0
16227,V. Vujinovic,56.0
15596,Lee Joong Seo,57.0
15593,K. Majić,57.0
15608,A. Llovet,57.0
15591,M. Barnes,57.0
15612,J. Osabutey,57.0
15587,C. Manicone,57.0
15577,Toni Gomes,57.0
15624,S. Mauritz-Hansen,57.0
15575,Kim Sung Ju,57.0
15602,R. Simpson,57.0
15639,R. de la Rosa,57.0
14780,D. Vanzeir,57.0
15540,A. Vlachomitros,57.0
11279,A. Mabil,57.0
14432,L. Sinisterra,57.0
16396,M. Berisha,57.0
15101,K. Ikeda,57.0
14130,A. Smith,57.0
11186,F. Pick,57.0
12502,G. Müller,57.0
12375,J. Schwadorf,57.0
6832,N. Eliasson,57.0
11653,M. López,57.0
15560,J. Simonsen,57.0
15642,M. Tissera,57.0
15704,M. Kremer,57.0
15968,E. Håland,57.0
15845,O. Palmer,57.0
15860,M. Sevimler,57.0
15887,N. Ennis,57.0
16003,P. Amond,57.0
15905,C. Stark,57.0
15918,D. Tarpey,57.0
15937,J. Cisotti,57.0
15998,A. Akhyadov,57.0
16111,L. Hurtado,57.0
15706,S. Alexandersson,57.0
15972,B. Biabi,57.0
15977,A. Muskwe,57.0
15983,M. Døhr Thychosen,57.0
15991,M. Eisa,57.0
15993,A. Jawo,57.0
15995,J. O'Flynn,57.0
15967,S. Otayf,57.0
15818,B. Spencer,57.0
15837,J. Romero,57.0
15802,Y. Mabella,57.0
15710,K. Goba,57.0
15713,C. Kouamé,57.0
15714,Gabriel Rodrigues,57.0
15715,J. Roberts,57.0
15720,B. Kavlak,57.0
15721,C. O'Connor,57.0
15722,D. Reiter,57.0
15730,I. Sangaré,57.0
16001,O. Zubkov,57.0
16000,J. O'Hanlon,57.0
15737,H. Bandé,57.0
15762,D. Telford,57.0
15777,K. Ogawa,57.0
15778,Raul Asencio,57.0
15782,A. Al Megbas,57.0
15785,M. Mølvadgaard,57.0
15732,C. Velásquez,57.0
15105,J. Cortés,58.0
15095,A. May,58.0
15106,R. Marín,58.0
15143,A. Guliev,58.0
15118,M. Slavov,58.0
15134,N. Kabamba,58.0
15091,F. Álvarez,58.0
15158,S. Elliott,58.0
15165,A. Scherbakov,58.0
15109,S. Pispas,58.0
15089,E. Sánchez,58.0
15174,R. Kristo,58.0
15077,T. Heardman,58.0
15073,E. Stokes,58.0
15072,D. Ladan,58.0
15067,K. Tagawa,58.0
15065,S. Surridge,58.0
15059,Sergio Benito,58.0
9972,C. Andriamahitsinoro,58.0
13224,S. Jovanović,58.0
13810,A. Gilliead,58.0
13922,Y. Segawa,58.0
14355,T. Heintz,58.0
14475,Junior Messias,58.0
14642,C. Jahraldo-Martin,58.0
15079,B. Gschweidl,58.0
15178,M. Abundiz,58.0
15329,I. Akinade,58.0
15189,J. Carranza,58.0
15350,M. Entrup,58.0
15359,H. Hyseni,58.0
15360,J. Schneider,58.0
15373,A. Pululu,58.0
15383,B. Wright,58.0
15405,J. Godínez,58.0
15409,E. Nketiah,58.0
15421,J. Ayunga,58.0
15186,A. Grbic,58.0
15436,C. Calvert,58.0
15444,A. Williams,58.0
15454,C. Main,58.0
15456,J. Shaibu,58.0
15473,B. Varga,58.0
15498,R. Sawakami,58.0
15499,J. Macías,58.0
15505,R. Wolsztyński,58.0
15513,A. Nkosi,58.0
15529,S. Humphrys,58.0
15347,M. Górski,58.0
15332,R. Dadashov,58.0
15431,P. Skapetis,58.0
15325,A. Kadyrov,58.0
15192,K. Kinoshita,58.0
15200,C. Deprès,58.0
15201,M. De Luca,58.0
15209,G. Gentile,58.0
15212,I. Ugbo,58.0
15230,V. Faherty,58.0
15251,A. Arce,58.0
15252,S. Shimizu,58.0
15261,H. Lorentzen,58.0
15264,M. Eid,58.0
15268,M. Skenderović,58.0
15272,D. Osei,58.0
15226,P. Dzalto,58.0
15310,S. Hirayama,58.0
15291,C. Iwasa,58.0
15294,S. Al Mutairi,58.0
15301,E. Ayala,58.0
15305,L. Scott,58.0
15317,J. Wright,58.0
14481,M. Peralta,59.0
14482,N. Obolskiy,59.0
14485,Allef,59.0
14501,P. Daka,59.0
14517,R. Armand,59.0
14525,R. Bowman,59.0
14526,S. Vernon,59.0
13866,J. Lewis,59.0
14552,L. Vila,59.0
14553,M. López,59.0
9129,Benny,59.0
14554,K. Touré,59.0
14565,A. Sarr,59.0
14555,L. Angol,59.0
14558,J. Nanizayamo,59.0
14542,F. Hollinger-Janzen,59.0
14546,K. Davis,59.0
14471,R. Sprangers,59.0
13379,K. Sigurðsson,59.0
13121,H. Barry,59.0
12700,P. Forsell,59.0
14344,A. Plumain,59.0
12609,A. Claude-Maurice,59.0
14403,J. Calero,59.0
14406,Na Sang Ho,59.0
14408,H. Watson,59.0
14411,D. Johnstone,59.0
14427,A. La Gumina,59.0
10671,O. Eddahri,59.0
11785,I. Buckley-Ricketts,59.0
14433,C. Sánchez,59.0
14438,A. Jung,59.0
14443,S. Ito,59.0
14466,M. Mitrović,59.0
14472,V. Sköld,59.0
14567,O. Olomola,59.0
13808,E. Rueda,59.0
14580,O. Camilo,59.0
14855,J. Pohl,59.0
14866,S. McCoulsky,59.0
14881,L. Mesa,59.0
15976,E. Bostancı,59.0
14888,C. Doidge,59.0
14889,B. Allen,59.0
14899,Sillero,59.0
14913,Leonardo Rocha,59.0
14919,G. Clemens,59.0
14974,Yoon Dong Min,59.0
14578,A. Forrester,59.0
14973,R. Murray,59.0
14977,L. Vido,59.0
15000,A. Amadi-Holloway,59.0
15005,M. Mandron,59.0
15008,U. Tavares,59.0
15014,M. Richter,59.0
15026,G. Miller,59.0
14966,D. Brewster,59.0
14952,M. Folivi,59.0
15031,A. Badji,59.0
14927,S. Harrison,59.0
15040,Joel Arimany,59.0
15036,A. Asante,59.0
14949,T. Uzan,59.0
14845,H. Goya,59.0
14836,R. Moon,59.0
14950,Víctor Narro,59.0
14828,A. Köse,59.0
14829,K. Angielski,59.0
14769,G. Zecca,59.0
14732,M. Sylla,59.0
14763,M. Bringaker,59.0
14731,Darío Poveda,59.0
14719,D. Corcoran,59.0
14774,L. Norris,59.0
14718,U. Sen,59.0
14715,W. de la Rosa,59.0
14710,J. Bingham,59.0
14706,S. Moussa,59.0
14690,L. Mandeville,59.0
14686,C. Ndiaye,59.0
14656,M. Evouna,59.0
14742,F. Diabaté,59.0
14699,D. Ferfelis,59.0
14648,A. Galadzhan,59.0
14643,D. Newton,59.0
14818,R. Patterson,59.0
14631,G. Luer,59.0
14602,L. Passerini,59.0
14781,J. Maja,59.0
14590,E. Mour Samb,59.0
14775,R. Al Shammari,59.0
14799,G. Guessan,59.0
14581,F. Hinds,59.0
13790,G. Álvarez,60.0
13901,S. Demhasaj,60.0
13794,A. Montalto,60.0
13802,D. Ceter,60.0
13806,J. Tell,60.0
12215,M. Owusu,60.0
13833,M. Herrmann,60.0
13815,E. Demirović,60.0
13841,L. Mothiba,60.0
13881,J. Sinclair,60.0
13879,Rômulo,60.0
13875,I. Chaïbi,60.0
4754,M. Pavlović,60.0
13870,R. Migone,60.0
13853,L. Tankulic,60.0
13811,R. Hepburn-Murphy,60.0
13780,A. Björkebaum,60.0
13690,M. Ramsland,60.0
13763,S. Stolze,60.0
13101,F. Wagner,60.0
13056,S. Odelusi,60.0
13328,F. Mussa,60.0
13353,J. Cook,60.0
12738,G. Thomas,60.0
12634,Mario González,60.0
11208,G. Massey,60.0
13677,P. Tietz,60.0
13764,R. Hardie,60.0
13678,E. Letlotlo,60.0
13702,Kim Jong Min,60.0
13703,E. Huth,60.0
13704,Roni,60.0
13729,E. Eze,60.0
15432,C. Guanca,60.0
13734,R. Singh,60.0
13756,J. Porsan-Clemente,60.0
13760,K. Huisman,60.0
13686,D. Okereke,60.0
13903,T. Robinson,60.0
13788,K. Świderski,60.0
13924,M. Suleymanov,60.0
14150,J. Ngoy,60.0
14154,M. Storey,60.0
14175,M. Abu Shararah,60.0
14177,J. Fierro,60.0
14181,M. Al Saiari,60.0
14184,Carlos Daniel,60.0
14198,M. Lovera,60.0
14206,M. Al Bishi,60.0
14212,J. Ebobisse,60.0
14229,Q. N'Gakoutou,60.0
14237,J. Dibirgadzhiev,60.0
13909,K. Zohi,60.0
9466,L. Thürauer,60.0
14251,I. Bah,60.0
14262,T. Conechny,60.0
14270,P. Wilson,60.0
14283,T. Figueroa,60.0
14302,L. Walters,60.0
14308,M. Palacios,60.0
14311,I. Ganago,60.0
14318,O. Hawkins,60.0
14320,L. Contin,60.0
14326,G. Malcore,60.0
14343,D. Srbeny,60.0
14348,D. Redmond,60.0
14353,R. Siemaszko,60.0
14860,S. McCartan,60.0
14144,Roberto Núñez,60.0
14142,F. Barceló,60.0
14242,C. Stockton,60.0
14133,A. Fisher,60.0
14052,P. Garita,60.0
14047,G. Gori,60.0
14039,H. Johansen,60.0
14024,S. Sow,60.0
14012,A. Sikoev,60.0
14001,Y. Mamilonne,60.0
13998,A. Fontana,60.0
14134,G. Martin,60.0
13989,K. Saito,60.0
13985,M. Smith,60.0
13974,D. Wright,60.0
13953,B. Moussiti-oko,60.0
13945,N. Kühn,60.0
13926,J. Stockley,60.0
13925,F. Lenci,60.0
14053,A. Onaiwu,60.0
14072,Y. Çoban,60.0
13872,P. Hamel,60.0
14077,H. Wright,60.0
14078,Dani Iglesias,60.0
14132,Tamayo,60.0
14116,T. Sandoval,60.0
14122,S. Nimely,60.0
14108,L. Amarilla,60.0
14131,Juan Delgado,60.0
14124,M. Cullen,60.0
14128,R. Espejord,60.0
11383,C. Nwakali,61.0
13010,Gerardo Jiménez,61.0
13011,P. Hellquist,61.0
13015,N. Hunt,61.0
13025,J. Stead,61.0
13049,D. Caddy,61.0
13054,D. Opazo,61.0
12087,L. Jallow,61.0
13063,Steven Prieto,61.0
12988,D. Faupala,61.0
13074,A. Pinamonti,61.0
13077,Bae Cheon Seok,61.0
13080,Arribas,61.0
13082,M. Nzola,61.0
13092,R. Contreras,61.0
13100,Toni Martínez,61.0
13105,T. Väyrynen,61.0
13107,C. Djim,61.0
12975,M. Dembélé,61.0
12957,S. Vuk,61.0
12550,G. Perrin,61.0
11310,L. Ralte,61.0
11190,R. Koryan,61.0
11707,J. Mehl,61.0
12096,D. Skhirtladze,61.0
6726,H. Okuno,61.0
11114,M. Benítez,61.0
10934,L. Memela,61.0
11830,F. Brown Forbes,61.0
8221,A. Araujo,61.0
11882,J. Manconi,61.0
10274,G. De Feo,61.0
10227,H. Bjørdal,61.0
8800,M. Rolón,61.0
11982,I. Hagi,61.0
10082,F. Børsting,61.0
10081,J. Hinestroza,61.0
12868,R. Healey,61.0
12871,A. Nabi,61.0
12886,B. Rubio,61.0
12888,A. Tveter,61.0
12900,D. Orgill,61.0
12911,J. Spencer,61.0
12946,C. Ngu'Ewodo,61.0
12967,A. Kawamoto,61.0
10142,J. Grant,61.0
13517,Lee Hyo Gyun,61.0
13122,L. Doumbouya,61.0
13474,F. Falcone,61.0
13497,Y. Njie,61.0
13503,K. Kitagawa,61.0
13508,J. Matt,61.0
13510,J. Yates,61.0
13521,R. Brunt,61.0
13525,E. Apeh,61.0
13544,M. Boulahia,61.0
13554,W. Louisy-Daniel,61.0
13562,C. Duffus,61.0
13573,T. Verheydt,61.0
13579,E. Soleri,61.0
13583,J. Quigley,61.0
13597,S. Al Shehri,61.0
13602,F. Vietto,61.0
13604,S. Schimmer,61.0
13608,A. Polidori,61.0
13618,M. Pink,61.0
13622,D. Vente,61.0
13625,O. Karlsson,61.0
13632,M. Simon,61.0
13633,P. Magnín,61.0
13641,F. Olsson,61.0
13643,M. Diallo,61.0
13644,G. Cummins,61.0
13654,A. Lassiter,61.0
9668,P. Türpitz,61.0
9422,A. Engin,61.0
9483,Q. Boisgard,61.0
13455,M. Bundu,61.0
13451,Jeon Hyeon Chul,61.0
13566,S. Blancas,61.0
13438,F. Núñez,61.0
13381,E. Gliozzi,61.0
13371,N. Venema,61.0
13369,T. Walker,61.0
13341,C. Porter,61.0
13304,Moha,61.0
13283,G. Hirst,61.0
13276,J. Mlakar,61.0
13391,N. Blissett,61.0
13267,Erik Expósito,61.0
13250,T. Eaves,61.0
13447,T. Hopper,61.0
13203,D. Holman,61.0
13200,M. Piątkowski,61.0
13185,M. Gómez,61.0
13158,F. Ladapo,61.0
13153,J. Marriott,61.0
13263,J. Villalba,61.0
13392,D. Widemann,61.0
13209,S. Ibrahim,61.0
13400,Y. Minagawa,61.0
13425,J. Mateta,61.0
13422,A. Dávila,61.0
13417,T. Mikkelsen,61.0
13414,M. Torres,61.0
13404,R. Palermo,61.0
13405,N. Julan,61.0
13427,S. Murray,61.0
12153,K. van der Biezen,62.0
12194,J. Ibehre,62.0
12052,Pedro Neto,62.0
12060,Escriche,62.0
6485,J. Mendoza,62.0
12074,M. Haber,62.0
12076,J. Vancamp,62.0
12079,M. Lebedyński,62.0
9903,P. Rojas,62.0
12155,J. Aigner,62.0
12189,M. Romero,62.0
12172,Kim Dae Won,62.0
12098,P. Cappelluzzo,62.0
12043,E. Harrison,62.0
12102,B. Miranda,62.0
12132,O. Ademi,62.0
12134,C. Harold,62.0
12148,T. Amang,62.0
12150,P. Slišković,62.0
12165,M. Topčagić,62.0
10234,P. Sohm,62.0
12042,D. Chima Chukwu,62.0
12017,H. Al Ghaddioui,62.0
12031,M. Léris,62.0
9962,S. Sawadogo,62.0
9849,Y. Baraye,62.0
11294,T. Obadeyi,62.0
11135,M. Janzer,62.0
11365,J. Bowen,62.0
10024,Jo Young Cheol,62.0
7043,I. Ouali,62.0
11096,S. Thioub,62.0
10966,F. Nicastro,62.0
6847,Nono,62.0
10945,F. Onyedinma,62.0
12197,W. Tchuameni,62.0
7917,Breno Laranjeiro,62.0
8121,D. Soldiez,62.0
11952,E. Strahman,62.0
11953,M. Korzym,62.0
11973,M. Tchokounté,62.0
10374,E. Bajrami,62.0
11988,O. Mannéh,62.0
12000,S. Prokofyev,62.0
12004,Q. Depehi,62.0
12015,B. Stokke,62.0
9300,B. Grant,62.0
12037,M. Godden,62.0
12204,Jo Ju Young,62.0
12009,K. Vassell,62.0
12209,D. Arshakyan,62.0
12572,I. Niane,62.0
12711,Sergio Sánchez,62.0
12506,I. Shekiladze,62.0
12608,G. Nilsson,62.0
12594,C. Wyke,62.0
12576,S. Miller,62.0
12500,Barbosa,62.0
12837,L. Díaz,62.0
12713,O. Tounkara,62.0
12714,C. Gameiro,62.0
12816,F. Coniglio,62.0
12777,N. Kacharava,62.0
12734,K. Nsor,62.0
12764,W. Kanga,62.0
12758,J. McBean,62.0
5471,M. Al Shalhoub,62.0
12587,S. McTominay,62.0
12508,L. John-Lewis,62.0
13681,J. Hiwula,62.0
12565,A. Gnanduillet,62.0
12563,A. Kaluđerović,62.0
13394,D. Philliskirk,62.0
12653,J. Cádiz,62.0
12658,R. Lowe,62.0
12680,D. Bamba,62.0
12540,S. Adamyan,62.0
12637,L. McAlinden,62.0
12695,M. Guezoui,62.0
12521,S. Sakala,62.0
12512,F. Bonazzoli,62.0
12511,C. Mackail-Smith,62.0
12636,U. Bozok,62.0
12571,J. Oosterwijk,62.0
12593,E. Umeres,62.0
12208,O. Zawada,62.0
12483,P. Dolgov,62.0
12490,J. Romil,62.0
12445,Y. Teijsse,62.0
14246,F. Al Johani,62.0
12349,E. Doyle,62.0
12339,J. Arp,62.0
12473,K. Dennis,62.0
12323,L. James,62.0
12307,A. Leitch-Smith,62.0
12277,Y. Mbombo,62.0
12351,K. Guthrie,62.0
12272,B. Fernández,62.0
12264,L. Ajorque,62.0
12254,G. Ugwu,62.0
12247,J. Asoro,62.0
12244,J. Hanson,62.0
12240,M. Vatsadze,62.0
12234,F. Eisele,62.0
12218,C. González,62.0
12739,T. Warschewski,62.0
12368,T. Barnett,62.0
12325,P. Safranko,62.0
12372,S. Almirón,62.0
12435,R. Seager,62.0
12430,M. Green,62.0
12413,N. Balogh,62.0
12406,B. Graham,62.0
6132,K. Mrabti,62.0
12370,T. Agdestein,62.0
12401,G. Del Castillo,62.0
12395,M. Tumminello,62.0
12393,C. Wilkinson,62.0
12405,J. Lloreda,62.0
12389,O. McBurnie,62.0
12374,M. Quiroga,62.0
13785,T. Vestenický,62.0
12378,S. Smeltz,62.0
11037,R. Mmaee,63.0
11039,C. Morra,63.0
11040,A. Seydel,63.0
11041,J. Bowery,63.0
7493,C. Harriott,63.0
11198,O. Jallow,63.0
11182,T. Awoniyi,63.0
11066,P. Prosenik,63.0
11094,J. McInerney,63.0
5930,M. Jacobs,63.0
11183,M. Kean,63.0
11099,C. Peralta,63.0
11187,Claudio,63.0
11179,C. Davies,63.0
11036,A. Wilbraham,63.0
11130,M. Tall,63.0
11131,N. Messiniti,63.0
11168,Douglas Tanque,63.0
11076,J. Arias,63.0
11031,D. Agyei,63.0
10881,K. Naismith,63.0
11018,Pak Kwang Ryong,63.0
10247,L. Blessing,63.0
10235,B. Figueroa,63.0
10495,R. Koch,63.0
12843,P. Cowan-Hall,63.0
8036,M. Aramu,63.0
5623,D. Drexler,63.0
10744,T. Rühle,63.0
8982,I. Tajouri,63.0
13070,M. Heider,63.0
13177,L. Kryger,63.0
9898,O. Gaona Lugo,63.0
13315,J. Báez,63.0
10895,J. Akinde,63.0
5242,Willyan,63.0
11028,P. Tuszyński,63.0
10902,S. Silva,63.0
10929,B. Rosinger,63.0
10941,R. Steer,63.0
10962,J. Núñez,63.0
10968,S. Ameobi,63.0
10970,M. Ziemer,63.0
10973,I. Vassell,63.0
10982,A. Escoto,63.0
10983,T. Tomiyama,63.0
10984,Luís Leal,63.0
10986,C. Bieber,63.0
10987,T. Thiele,63.0
10991,M. Boyle,63.0
10999,J. Sylvestr,63.0
11004,A. Gero,63.0
9847,M. Könnecke,63.0
11213,J. Clarke-Harris,63.0
7316,S. Nakajima,63.0
12735,K. Shelton,63.0
11749,L. Chacana,63.0
11733,T. Zhamaletdinov,63.0
11729,U. Ikpeazu,63.0
11728,M. Königs,63.0
11722,L. Hallenius,63.0
11706,I. Abdullahi,63.0
11752,K. Achahbar,63.0
11679,K. Bazelyuk,63.0
11640,Y. Al Qahtani,63.0
11623,A. Buksa,63.0
11621,E. Ómarsson,63.0
11618,C. Ekuban,63.0
11612,F. Anselmo,63.0
11606,Dalmau,63.0
11671,S. Jackson,63.0
11756,Cho Dong Gun,63.0
11768,A. Bakayoko,63.0
14271,S. Otsuki,63.0
11891,A. Jahn,63.0
11893,M. Papadopulos,63.0
11862,E. García,63.0
11852,F. Forte,63.0
11904,R. Glatzel,63.0
11808,Y. Merdji,63.0
11807,L. Putaro,63.0
11911,Mario Barco,63.0
11938,C. Amissi,63.0
11941,L. Erwin,63.0
6264,K. Bua,63.0
11799,K. Ojo,63.0
11796,D. Eckert,63.0
11791,J. Barišić,63.0
11217,P. Engblom,63.0
11604,I. Abdulavov,63.0
11581,D. Matulevičius,63.0
11672,A. Gordon,63.0
11569,C. Akpom,63.0
11433,K. Mensah,63.0
11431,D. Elm,63.0
9346,M. Starke,63.0
11430,S. Córdova,63.0
11428,R. Gaffney,63.0
11408,M. Quiroga,63.0
11391,F. Fydriszewski,63.0
11378,J. Düker,63.0
11373,P. Etshimi,63.0
11372,M. George,63.0
11362,A. Gouiri,63.0
11351,K. Junker,63.0
11336,D. Sorgić,63.0
11334,J. Lescano,63.0
11300,P. Pogrebnyak,63.0
11292,Adão Renteira,63.0
11240,C. Togashi,63.0
11441,P. Bürger,63.0
11443,J. Sánchez Sotelo,63.0
11892,B. Śpiączka,63.0
11452,E. Velikonja,63.0
11522,J. Niezgoda,63.0
11519,Héctor,63.0
11504,H. Al Juhayyim,63.0
11492,C. McDonald,63.0
11533,A. Akinfenwa,63.0
11489,G. Scamacca,63.0
11535,A. Williams,63.0
11546,I. Ignatiev,63.0
11484,M. Wegner,63.0
11463,D. Oduro,63.0
11456,H. Abranchezo,63.0
11565,S. Romero,63.0
11528,C. Morris,63.0
10171,H. Savran,64.0
10219,J. Cox,64.0
10165,L. Pérez,64.0
10155,N. Dibble,64.0
10177,A. Rossi,64.0
10199,F. Doré,64.0
10151,R. O'Donovan,64.0
10218,L. Strizzolo,64.0
10144,F. Acosta,64.0
10326,Evandro,64.0
10296,A. Kamara,64.0
9621,R. Riski,64.0
10239,J. Orlov,64.0
10327,P. Taylor,64.0
8662,F. Herbers,64.0
10255,J. Amoroso,64.0
10334,C. Curran,64.0
10267,V. Osimhen,64.0
10271,D. McMillan,64.0
10307,D. Mangni,64.0
10275,R. Bayard,64.0
10276,L. Röser,64.0
10229,S. Maierhofer,64.0
10259,S. Silva,64.0
10357,M. Finotto,64.0
10110,S. Okoli,64.0
9659,M. Mustacchio,64.0
9754,A. O'Brien,64.0
9653,A. Þrándarson,64.0
9878,O. Bogle,64.0
9099,J. Hopcutt,64.0
9900,I. Toney,64.0
9075,H. Vučkić,64.0
9912,T. Pope,64.0
9919,L. Nilsson,64.0
9929,C. Amaya,64.0
9947,José Kanté,64.0
9951,M. Richards,64.0
9952,M. Sansores,64.0
9982,F. Lohkemper,64.0
9386,L. Ngwat Mahop,64.0
9983,S. Clémence,64.0
9984,C. Fagan,64.0
9993,D. Mendoza,64.0
10028,S. Akasaki,64.0
10042,L. Grozurek,64.0
9636,Leandrinho,64.0
10047,V. Ilyin,64.0
10049,K. Appiah,64.0
4840,C. Pasquato,64.0
10087,B. Johnsen,64.0
10097,F. Ortíz,64.0
10100,J. Hamilton,64.0
8864,D. Gustavsson,64.0
10101,C. Woodrow,64.0
10117,S. Sané,64.0
9926,M. Asenjo,64.0
10871,A. Balboa,64.0
10376,R. Salinas,64.0
7894,C. Soukou,64.0
10786,S. Deliktaş,64.0
10783,D. Marsura,64.0
10775,C. Valoyes,64.0
10773,C. Bassogog,64.0
10768,J. Caenepeel,64.0
10767,M. Tounkara,64.0
10762,J. Oremo,64.0
10756,M. Altıntaş,64.0
10745,D. Volaš,64.0
10732,C. Long,64.0
10716,E. Álvarez,64.0
10711,N. Đurđić,64.0
10709,R. König,64.0
10707,A. Revell,64.0
10792,A. Díaz,64.0
10694,Alex Pozo,64.0
10375,T. Elliott,64.0
10830,W. Jordán,64.0
6394,B. Bergougnoux,64.0
6465,L. Mendoza,64.0
6518,Nuno Rocha,64.0
6666,S. Diarra,64.0
11821,J. Kaprof,64.0
6898,A. Yasin,64.0
11467,D. Moberg Karlsson,64.0
7509,S. Benrahma,64.0
10892,A. Sevinç,64.0
10885,S. Maguire,64.0
10874,M. Mohsen,64.0
10872,S. Dražić,64.0
10867,F. Soldano,64.0
10842,J. Bolingi,64.0
10837,M. Ogbu,64.0
10815,D. Rose,64.0
10675,Y. Hasegawa,64.0
10807,K. Finnbogason,64.0
10649,F. Rašić,64.0
10487,G. Melkadze,64.0
10480,J. Proctor,64.0
10460,R. Reid,64.0
10458,B. Kee,64.0
10457,P. Cutrone,64.0
10423,L. Clarke,64.0
10422,R. Riski,64.0
10386,C. Chaplin,64.0
10404,D. Albadoro,64.0
10660,A. Arrighini,64.0
10421,R. Bocalon,64.0
10409,I. Azemi,64.0
10411,F. Margiotta,64.0
10415,A. Pavlović,64.0
10417,K. Guédé,64.0
10488,J. Świerczok,64.0
8302,S. Michel,64.0
10441,I. Ouédraogo,64.0
10512,João Pedro,64.0
10604,J. Kjær,64.0
10627,Alex,64.0
10599,Everton,64.0
10511,Romário,64.0
8163,M. Keita,64.0
10614,R. Taylor,64.0
10591,P. Mullins,64.0
10644,D. Davydov,64.0
10646,Barros,64.0
10574,E. Keleş,64.0
10573,S. Maholli,64.0
10379,S. Benyamina,64.0
10548,A. Panyukov,64.0
10546,Aridane,64.0
10527,D. Milović,64.0
10584,A. Schalk,64.0
10626,E. Markov,64.0
11578,A. Jones,65.0
9637,J. Obika,65.0
11801,M. Duke,65.0
11817,E. Mjelde,65.0
9631,R. Feczesin,65.0
9602,F. Boli,65.0
9611,W. Owusu,65.0
9610,J. Magennis,65.0
9595,R. Vloet,65.0
9579,R. Lentini,65.0
9567,Ricardo Santos,65.0
9553,M. Ranégie,65.0
9541,K. Tokura,65.0
9660,T. Vion,65.0
9617,C. Monschein,65.0
9661,L. Sekulski,65.0
9786,N. Trujic,65.0
11180,D. Wheeler,65.0
9968,N. Dumitru,65.0
9864,R. Cisneros,65.0
9850,Sergi Guardiola,65.0
10901,A. Piu,65.0
10923,M. Bakenga,65.0
9833,M. Fortuné,65.0
9815,T. Gabuza,65.0
9812,Luisinho,65.0
9805,K. Kawamata,65.0
9800,C. Davies,65.0
9772,Kim Gun Hee,65.0
9753,E. Butin,65.0
9747,Diego Maurício,65.0
9737,M. Boman,65.0
9731,João Silva,65.0
9729,C. O'Grady,65.0
9721,M. Dembélé,65.0
9719,A. Sebrino,65.0
9715,A. Gomis,65.0
9706,R. Gartler,65.0
11060,Song Seung Min,65.0
9663,M. Guevgeozián,65.0
9515,A. Papazoglou,65.0
9391,O. Arce,65.0
9479,Luis Marleiro,65.0
8900,M. van Duinen,65.0
8903,R. Dwamena,65.0
8911,N. Adler,65.0
8942,A. Vega,65.0
8955,L. Zwoliński,65.0
8971,R. Fernández,65.0
8972,K. Moore,65.0
8985,J. Marquis,65.0
8897,A. Prudnikov,65.0
8988,M. Uhre,65.0
9008,K. Holmberg,65.0
9021,P. Dibba,65.0
9027,K. Doolan,65.0
9029,L. Escalante,65.0
9041,Amido Baldé,65.0
9049,A. Nuhiu,65.0
9062,E. Markkanen,65.0
9080,N. Stefanelli,65.0
8990,A. Riel,65.0
9117,A. Awaji,65.0
8893,M. Abu Radiyah,65.0
8869,A. La Mantia,65.0
8044,G. Iancu,65.0
8502,R. Vanegas,65.0
4676,M. Cerato,65.0
5111,E. Mor,65.0
7682,F. Malbašić,65.0
8650,M. Spelmann,65.0
7558,D. Saint-Louis,65.0
5682,Óscar Pinchi,65.0
8885,J. Mendy,65.0
7545,L. Abdi,65.0
6022,G. Verón,65.0
6337,S. Napoleoni,65.0
8776,T. Ricketts,65.0
8823,B. Santalab,65.0
4578,F. Jozefzoon,65.0
8856,A. Dona Ndoh,65.0
8863,A. Smárason,65.0
8866,M. Tagbajumi,65.0
5960,Alfaro,65.0
9122,J. Quiñones,65.0
8868,M. Bolly,65.0
9139,B. Gueye,65.0
9304,Y. Mena,65.0
6784,M. Mak,65.0
9320,D. Schahin,65.0
9324,M. Axente,65.0
9345,K. Mayi,65.0
9366,M. Figueroa,65.0
9373,T. Børven,65.0
9390,J. Barraza,65.0
9396,C. Gazale,65.0
9405,A. Piech,65.0
9407,N. Brock-Madsen,65.0
9414,S. Church,65.0
9431,E. Torregrossa,65.0
9444,A. Sadiku,65.0
9445,J. Eggestein,65.0
9467,A. Favilli,65.0
9473,A. Jeremejeff,65.0
9286,J. Jervis,65.0
9285,João Vasco,65.0
9436,C. Washington,65.0
9277,P. Zulechner,65.0
9155,M. Maolida,65.0
9282,A. Navarro,65.0
9168,R. Ache,65.0
9500,D. López,65.0
9178,P. Brożek,65.0
9181,A. Wiegel,65.0
9198,K. Anderson,65.0
9144,B. Girth,65.0
9202,L. Taylor,65.0
9205,Luis Fernández,65.0
9171,Y. Al Salem,65.0
9224,J. Ardaiz,65.0
9221,Danilo Sacrio,65.0
9267,S. Scappini,65.0
9237,P. Madden,65.0
9260,K. van Veen,65.0
9235,B. Finne,65.0
7855,Z. El Azzouzi,66.0
7859,M. Kudo,66.0
8120,Carrillo,66.0
8077,D. Hylton,66.0
7833,H. Kanazono,66.0
7868,Asdrúbal,66.0
7869,J. Hernández,66.0
7887,E. Herrera,66.0
7893,J. Cummings,66.0
7896,S. Pettinari,66.0
5053,E. Manucharyan,66.0
7841,Manel,66.0
7903,T. Høiland,66.0
7935,B. Perea,66.0
8066,Carlos Fernández,66.0
7946,A. Jackson-Hamel,66.0
7951,K. Hemmings,66.0
7984,S. Brandstetter,66.0
10754,L. Neagle,66.0
6551,J. Green,66.0
8064,N. Proschwitz,66.0
7986,J. Valencia,66.0
7994,O. Sow,66.0
8000,T. Boyd,66.0
8032,B. Ogbeche,66.0
8035,A. Jacobsen,66.0
7905,W. Thomas,66.0
7820,F. González,66.0
7761,R. Maeda,66.0
7814,P. Kirkevold,66.0
6610,N. Daghfous,66.0
6474,D. Watmore,66.0
11894,A. Lookman,66.0
8133,A. Zabolotnyy,66.0
6511,E. Lugo,66.0
6125,E. Andersen,66.0
6036,K. Barbarouses,66.0
6793,J. Arce,66.0
7507,F. Černych,66.0
5886,O. Hernández,66.0
5419,N. Ninković,66.0
5331,G. La Parra,66.0
5232,S. Gustafson,66.0
7817,O. Occéan,66.0
5159,Diogildo Peixe,66.0
5091,Z. Clough,66.0
7714,S. Beavon,66.0
7718,M. Marković,66.0
7737,Y. Toyoda,66.0
7741,A. Zrelak,66.0
7748,K. Biliński,66.0
7750,H. Diallo,66.0
7755,S. Cox,66.0
7765,Heliardo,66.0
7766,S. Díaz,66.0
7767,B. McKay,66.0
7788,Ramon Lopes,66.0
7812,E. Soriano,66.0
6595,M. Maddison,66.0
8134,L. Cavallini,66.0
8244,S. Ganz,66.0
8139,Edgar Hernández,66.0
8568,H. Veerman,66.0
8577,A. Woźniak,66.0
8583,Jairo Morillas,66.0
8591,Z. Ondrášek,66.0
8593,J. Verhoek,66.0
10278,D. Jiménez,66.0
8604,M. Abdellaoue,66.0
8605,Q. Amarikwa,66.0
8613,S. Chhetri,66.0
8623,I. Bulos,66.0
8640,B. Labeau,66.0
8668,W. Jebor,66.0
8669,Borja Domingo,66.0
8682,M. Smith,66.0
8562,M. Grüttner,66.0
8686,J. Simpson,66.0
8136,B. Mansilla,66.0
8728,S. Di Carmine,66.0
8731,V. Vermeij,66.0
8740,N. Scatopano,66.0
8745,D. Thomalla,66.0
8753,M. Turay,66.0
8762,Chumbi,66.0
8765,S. Iljutcenko,66.0
10059,E. Sarraj,66.0
4569,Borja Valle,66.0
3451,Portillo,66.0
9124,B. Ibini,66.0
9316,N. Quaschner,66.0
9401,T. Lee,66.0
8692,K. Friesenbichler,66.0
8541,S. Umar,66.0
3381,M. Barrow,66.0
8520,G. Monachello,66.0
8329,R. Rubin,66.0
8309,R. Manaj,66.0
8297,Vincente Dourado,66.0
8277,K. Piątek,66.0
8143,J. Correa,66.0
6997,Jordi Mboula,66.0
8236,N. Çiftçi,66.0
8204,M. Zachara,66.0
8187,R. Festersen,66.0
8178,L. Rinaldi,66.0
8170,J. Nsamé,66.0
8158,I. Lendrić,66.0
8151,N. Mazzola,66.0
8149,P. Mortensen,66.0
8538,K. Onuegbu,66.0
8342,Han Kwang Song,66.0
8368,D. Badji,66.0
8252,G. Madine,66.0
8501,A. Fletcher,66.0
8509,S. Hain,66.0
8505,L. Nabab,66.0
8490,F. Etoundi,66.0
8473,Y. Bnou-Marzouk,66.0
8461,W. Keane,66.0
8432,S. Nagasawa,66.0
8419,F. Stanco,66.0
8434,M. Benyettou,66.0
8402,P. Frick,66.0
8382,M. Cejas,66.0
6813,Wanderson,67.0
6809,M. Thiam,67.0
6883,C. Diarra,67.0
6830,M. Pedersen,67.0
6850,U. Bulut,67.0
6856,Jonaldo Santoso,67.0
6805,Hwang Ui Jo,67.0
6869,N. Helenius,67.0
6797,L. Rosseti,67.0
6795,M. Ishak,67.0
6811,T. Bradshaw,67.0
6993,E. Koulouris,67.0
6964,M. Đurić,67.0
6911,M. Taylor,67.0
6956,I. Markelov,67.0
6931,L. Gregory,67.0
6939,C. González,67.0
6940,S. Davies,67.0
6989,B. Guillaume,67.0
6982,A. Cocco,67.0
6970,A. Mbengue,67.0
6943,M. Antonsson,67.0
6953,D. Brown,67.0
6954,N. Citro,67.0
6886,K. Igboananike,67.0
2210,Élton,67.0
6674,Villalibre,67.0
6767,V. Lundberg,67.0
4705,Campillo,67.0
2402,T. Usami,67.0
4636,I. Bebou,67.0
5144,I. Mbenza,67.0
5180,O. Burke,67.0
5216,C. Akolo,67.0
3356,M. Moreno,67.0
5434,M. Morys,67.0
5491,S. Doi,67.0
6054,M. Watkins,67.0
6240,Pere Milla,67.0
6256,Ever Sineiro,67.0
3479,N. Pépé,67.0
3853,D. Avdijaj,67.0
6678,A. Isak,67.0
6683,Magno,67.0
6689,M. Pourié,67.0
6693,S. Higuerrez,67.0
6699,A. Canelo,67.0
6700,P. Lugüercio,67.0
6702,S. Morison,67.0
6714,D. Graham,67.0
6720,M. Murillo,67.0
6724,F. Raičević,67.0
6765,P. Sotiriou,67.0
6775,S. May,67.0
7005,F. Avenatti,67.0
6755,N. Maynard,67.0
7037,S. Makienok,67.0
7571,V. Muriqi,67.0
7489,Luis Henrique,67.0
10451,E. Güral,67.0
7425,A. Leya Iseka,67.0
7587,G. Giakoumakis,67.0
7588,J. Collins,67.0
8103,E. Quiñones,67.0
7433,F. Gulbrandsen,67.0
7412,N. Pedersen,67.0
7395,M. Affonso,67.0
7633,Tiago Caeiro,67.0
7637,D. Lekić,67.0
7640,D. Kownacki,67.0
7388,Zhang Yuning,67.0
7674,P. Parzyszek,67.0
7365,G. Herrera,67.0
7626,Edú,67.0
7359,M. Schäffler,67.0
7446,J. Amione,67.0
8633,Q. Antipas,67.0
7492,G. Cellerino,67.0
7480,A. Levipan,67.0
7472,G. Kuświk,67.0
7504,S. Andersson,67.0
7516,Everaldo,67.0
7456,A. Grimaldi,67.0
7453,A. Brighenti,67.0
8571,J. Ramis,67.0
9679,B. Jayiya,67.0
7449,G. Cano,67.0
7033,V. Parigini,67.0
7557,M. Reineraso,67.0
9827,K. Taketomi,67.0
9095,Heo Young Joon,67.0
8831,M. Mirić,67.0
8721,Z. Janjić,67.0
9714,M. Çelik,67.0
7357,Leandro,67.0
8512,Cesinha,67.0
7354,J. Akpala,67.0
7226,T. Boere,67.0
7692,D. Bodul,67.0
7205,J. Dongou Tsafack,67.0
7100,Mosquito,67.0
7060,Vasco Costa,67.0
7071,Rabiola,67.0
7189,P. Testroet,67.0
7181,J. Garro,67.0
7227,P. Gladon,67.0
7180,E. Farias,67.0
7166,L. Höler,67.0
7145,Franci Martinho,67.0
7355,M. Ducksch,67.0
7133,G. Puşcaş,67.0
7131,J. Blayac,67.0
7122,Bruno Gomes,67.0
7696,A. Vuletich,67.0
7089,Simy,67.0
7169,F. Gounongbe,67.0
7239,C. Arango,67.0
7203,H. Al Raheb,67.0
7248,M. Ureña,67.0
7040,R. Buess,67.0
7311,Leandro,67.0
7306,S. MacLean,67.0
7690,C. Bedia,67.0
7055,J. Tshibumbu,67.0
7297,Arthur Silbeira,67.0
7313,E. Onuachu,67.0
7321,Enzio Julião,67.0
7295,F. Dastineda,67.0
7282,J. Bothroyd,67.0
7278,K. Boyd,67.0
7347,D. Rubio,67.0
7276,C. Colmán,67.0
7273,Marc Gual,67.0
7255,A. Armstrong,67.0
7320,P. Eze,67.0
5893,Rubén Cruz,68.0
5907,L. Boussaha,68.0
5851,T. Barkhuizen,68.0
5931,A. Guié Guié,68.0
5848,R. Ripart,68.0
5878,F. Andrada,68.0
5939,P. Škuletić,68.0
5985,R. Acquafresca,68.0
5946,M. Rasmussen,68.0
5949,E. Berggreen,68.0
6013,A. Cerri,68.0
5952,L. Thy,68.0
5968,S. Abdullahi,68.0
5993,K. Jones,68.0
5983,V. Bojinov,68.0
5938,A. Rooney,68.0
5846,F. Chalov,68.0
3463,T. Lawrence,68.0
5830,S. Koita,68.0
7901,A. Ivan,68.0
5000,F. Muñoz,68.0
1911,G. Shibasaki,68.0
2214,A. Miranchuk,68.0
2530,S. Aluko,68.0
5507,E. Salli,68.0
5582,Y. Croizet,68.0
3183,J. Cabot,68.0
3257,A. Rosina,68.0
4615,Rhayner,68.0
9014,C. Nöthe,68.0
3448,R. Palladino,68.0
3456,Jonathan Cafú,68.0
5757,J. Böðvarsson,68.0
5758,A. Olanare,68.0
5774,Luiz Phellype,68.0
5790,A. Escuderos,68.0
5796,Fran Sol,68.0
5812,D. Stroh-Engel,68.0
5816,P. Hofmann,68.0
5820,C. Martínez Borja,68.0
5822,I. Šaponjić,68.0
5823,C. Evans,68.0
5843,A. Vellios,68.0
6030,D. Frahn,68.0
6083,C. Ibargüen,68.0
6045,C. Arias,68.0
6452,J. Caicedo,68.0
6440,A. Kamara,68.0
6439,M. Kone,68.0
6431,G. Engvall,68.0
6427,G. Plet,68.0
6408,G. Litteri,68.0
6460,N. Nielsen,68.0
6404,A. Kolev,68.0
6381,N. Hazazi,68.0
6606,Alexandre Guedes,68.0
6371,M. Mancosu,68.0
6364,G. Kyei,68.0
6362,Borja Lázaro,68.0
6355,I. Portnyagin,68.0
6383,L. Mousset,68.0
6330,Patric,68.0
6637,R. Jönsson,68.0
6632,N. Dicko,68.0
6615,R. Živković,68.0
6617,E. Lutsenko,68.0
6597,Tomané,68.0
6618,T. van Weert,68.0
6586,F. Espíndola,68.0
6569,M. Cassierra,68.0
6033,W. Grigg,68.0
6563,I. Jebali,68.0
6531,A. Villanava,68.0
6530,M. Trotta,68.0
6517,P. Mlapa,68.0
6502,S. Lammers,68.0
6626,A. Le Fondre,68.0
6467,J. Da Costa,68.0
4206,J. Bamba,68.0
6329,L. Grabban,68.0
6375,D. Oberlin,68.0
998,N. Redmond,68.0
6097,G. Zigoni,68.0
6220,A. Caracciolo,68.0
6216,C. Beck,68.0
4236,K. Manneh,68.0
6195,Lucas João,68.0
6194,C. Monsalvo,68.0
6235,L. Castaldo,68.0
6080,A. Karamanos,68.0
6179,Y. Boli,68.0
7072,E. Manu,68.0
6165,M. Yatabaré,68.0
6159,A. Čolak,68.0
6156,M. Sigales,68.0
6100,W. Bruin,68.0
6188,R. Emond,68.0
6253,J. Wilson,68.0
6224,Gonçalo Paciência,68.0
6268,E. Rescaldani,68.0
4263,J. Kiełb,68.0
6325,M. Olunga,68.0
6321,B. Mokulu,68.0
6319,Roberto Soira,68.0
6316,Emu Teixeira,68.0
6307,William,68.0
6261,F. Mercado,68.0
6306,Alejandro Rodríguez,68.0
6285,Rubén Jurado,68.0
6282,Y. En-Nesyri,68.0
6278,S. Guirassy,68.0
6269,J. Beckford,68.0
6286,A. Donnarumma,68.0
6092,C. Donaldson,68.0
4986,G. Kvilitaia,69.0
4975,M. Batdal,69.0
4951,M. Yattara,69.0
5004,J. Berget,69.0
4960,J. Garner,69.0
4950,S. Dursun,69.0
5066,L. Ruiz,69.0
5015,T. Rantie,69.0
5028,Vinícius Araújo,69.0
5036,Rodrigo Pinho,69.0
5051,C. Dessers,69.0
5056,S. Freis,69.0
5058,S. Kutschke,69.0
5072,Esmael,69.0
5013,J. Tinhan,69.0
4944,R. Maniero,69.0
2972,J. Arango,69.0
4936,L. Páez,69.0
5074,R. Yaremchuk,69.0
4336,Lee Dong Gook,69.0
4194,S. Adegbenro,69.0
4124,Flavio Paixão,69.0
3971,L. Cinterio,69.0
8685,Toquero,69.0
3160,J. Plata,69.0
2858,I. Sarr,69.0
2837,D. Florada,69.0
2726,M. Bolaños,69.0
2718,G. Fernández,69.0
2713,J. Correa,69.0
2680,Pietrson Mendes,69.0
2456,G. Karadeniz,69.0
4207,I. Dia,69.0
2154,I. Maksimov,69.0
1816,S. Marveaux,69.0
1520,Daniel Podence,69.0
4867,D. Solanke,69.0
4870,T. Priskin,69.0
4882,Yang Dong Hyen,69.0
4903,E. Kujović,69.0
4916,Jon Bautista,69.0
4940,F. Platte,69.0
5075,Manucho,69.0
5683,K. Rezaei,69.0
5077,A. Galabinov,69.0
5466,F. Friday,69.0
5472,A. Budimir,69.0
5480,M. Stępiński,69.0
5485,Borja Iglesias,69.0
5529,Wesley,69.0
5531,J. Hugill,69.0
5076,Alex Geijo,69.0
5565,L. Jutkiewicz,69.0
5569,T. De Sutter,69.0
5570,M. Abdellaoue,69.0
5577,Platiny,69.0
5588,M. Ingvartsen,69.0
5594,I. Firer,69.0
5621,A. Saltininio,69.0
5453,P. Budkivskyi,69.0
5628,S. Schipplock,69.0
5647,D. Kumbela,69.0
5648,J. Cristaldo,69.0
5667,A. Sørloth,69.0
5671,Rodri,69.0
5678,F. Arizala,69.0
5688,B. Sharp,69.0
5708,L. Jović,69.0
5713,Kike Sola,69.0
5737,Cristian Herrera,69.0
5740,S. Ganvoula,69.0
5746,O. Oularé,69.0
5756,N. Ibáñez,69.0
6546,K. Watanabe,69.0
7210,G. Charbonnier,69.0
5638,S. Winnall,69.0
5436,Jona,69.0
5546,K. Wilczek,69.0
5185,N. Leguizamón,69.0
5129,M. Djuricin,69.0
5168,Rui Pedro,69.0
5179,B. Holman,69.0
5182,D. Pollet,69.0
5413,C. Strandberg,69.0
5195,D. Depetris,69.0
5215,M. Fallatah,69.0
5228,R. Ramírez,69.0
5236,L. Moult,69.0
5239,Vicemte Tófoli,69.0
5248,Y. Touzghar,69.0
5267,F. Niell,69.0
5163,N. Al Shamrani,69.0
5275,R. Zozulya,69.0
5287,M. Havenaar,69.0
5303,D. Rangelov,69.0
5315,E. Rivière,69.0
5402,Ever Corredeira,69.0
5401,M. Żyro,69.0
5397,P. Caballero,69.0
5396,M. Pušić,69.0
5386,A. Sendillas,69.0
5134,Thiago Galhardo,69.0
5088,Angulo,69.0
5361,Y. Movsisyan,69.0
5350,D. Texeira,69.0
5349,L. Rodríguez,69.0
5347,O. Edouard,69.0
5342,K. Kanatsızkuş,69.0
5369,Y. Hadji,69.0
5157,Nenê,69.0
4165,K. Roofe,70.0
4186,M. Coda,70.0
644,Bojan,70.0
4201,R. Hennings,70.0
4222,Y. Sanogo,70.0
4224,J. Vaughan,70.0
4196,Cyriac,70.0
4122,J. Tavares,70.0
2361,E. Cerutti,70.0
4109,Pedro Júnior,70.0
4094,F. Macheda,70.0
4085,Diego Oliveira,70.0
4083,C. Sheridan,70.0
4074,A. Mendy,70.0
4071,C. Ramirez,70.0
4069,A. Morelos,70.0
4056,S. Ghoddos,70.0
4040,A. Sobiech,70.0
1247,M. Lestienne,70.0
3057,L. Janson,70.0
1308,E. Puch,70.0
2104,D. Machís,70.0
4115,G. Marilungo,70.0
4238,N. Maupay,70.0
4548,D. Bent,70.0
4254,S. Hogan,70.0
4654,G. Bergessio,70.0
6210,R. Mühren,70.0
5626,D. Bakar,70.0
4726,R. Verenas,70.0
5522,S. Rincón,70.0
4651,Z. Sadaev,70.0
4486,F. Klos,70.0
4845,C. Menéndez,70.0
4525,I. Kiese Thelin,70.0
4638,Z. Gano,70.0
4620,J. Guerrón,70.0
4475,S. Polter,70.0
4766,N. Verdier,70.0
4776,K. Sugimoto,70.0
4789,T. Hysén,70.0
4617,L. Ruíz,70.0
4253,M. Rangel,70.0
4791,Lee Jong Ho,70.0
4590,G. Courtet,70.0
4582,A. Akaichi,70.0
4788,G. Blanco Leschuk,70.0
4563,Jung Jo Gook,70.0
4551,A. Keogh,70.0
4504,T. Pukki,70.0
4801,K. Zohore,70.0
4704,F. Bećiraj,70.0
4828,Cristian López,70.0
4699,Paulinho,70.0
4260,B. Diawara,70.0
4261,C. Salom,70.0
4264,D. McGoldrick,70.0
4282,C. Luna,70.0
4287,S. Çikalleshi,70.0
4342,E. Villa,70.0
4361,V. Kjartansson,70.0
4365,F. Campbell,70.0
4377,P. Sané,70.0
4675,P. Iemmello,70.0
4395,A. Bakasetas,70.0
4397,Derley,70.0
4407,H. Goitom,70.0
4409,F. Caputo,70.0
4425,L. Boyce,70.0
4352,S. Ribas,70.0
4514,Túlio Sandoiro,70.0
4431,R. Alioui,70.0
4663,E. Herrera,70.0
4698,P. Velázquez,70.0
4682,V. Prodell,70.0
4448,A. Jahović,70.0
4449,F. Fernández,70.0
4462,R. Quioto,70.0
4461,E. Torres,70.0
4464,P. Hosiner,70.0
3358,T. Matavž,71.0
3360,R. Ghoochannejhad,71.0
3366,L. Veldwijk,71.0
3371,I. Andriatsima,71.0
3375,Borja Mayoral,71.0
3379,E. Boateng,71.0
940,Jesé,71.0
3406,M. Kramer,71.0
3418,E. Ponce,71.0
3421,Rômulo Calsede,71.0
3428,P. Utaka,71.0
3430,J. Rhodes,71.0
2599,Y. Mollo,71.0
3399,Marco Paixão,71.0
3351,A. Jóhannsson,71.0
1839,M. Suárez,71.0
3338,L. Albertengo,71.0
2420,T. Touré,71.0
1973,F. Kamano,71.0
2036,C. Pavón,71.0
902,Rafa,71.0
2505,Fábio Sturgeon,71.0
3233,G. McCleary,71.0
4846,T. Zentena,71.0
2130,Ivan Cavaleiro,71.0
2706,Mateus,71.0
2171,F. Pereyra,71.0
2262,M. Radović,71.0
3298,S. Šćepović,71.0
3301,O. Jonia,71.0
3302,M. Pektemek,71.0
3308,M. Echeberria,71.0
3310,J. Pohjanpalo,71.0
1875,Samu García,71.0
3343,M. Pavone,71.0
3331,L. Parreses,71.0
3468,Pires,71.0
3486,N. Ghilas,71.0
3732,Walter Silvieiro,71.0
3747,Josué da Feira,71.0
3750,B. Petković,71.0
3754,S. Fletcher,71.0
3767,K. Lasagna,71.0
3778,Maurides,71.0
3780,C. Martin,71.0
3800,C. Riaño,71.0
3809,F. Mendy,71.0
3810,M. Le Bihan,71.0
3823,N. Wells,71.0
3827,W. Morelo,71.0
3838,M. Lobaño,71.0
3851,L. Kozák,71.0
3730,J. Darenova,71.0
3864,B. Jeannot,71.0
3885,M. Duhamel,71.0
3891,P. Granoche,71.0
3916,Manu Barreiro,71.0
3923,Ángel,71.0
3944,E. Calaió,71.0
3955,C. Sapong,71.0
3958,A. Søderlund,71.0
3974,T. Hemed,71.0
3980,A. Wooten,71.0
6553,A. Weimann,71.0
4004,Camilo,71.0
4005,W. Bou,71.0
4446,S. Diallo,71.0
4129,C. Auzqui,71.0
719,Rafa,71.0
3724,C. Nyman,71.0
3804,L. Fernández,71.0
3519,Javi Guerra,71.0
3504,J. Rodríguez,71.0
3502,C. Jerome,71.0
3497,C. Gytkjær,71.0
3508,D. Cacia,71.0
3509,R. Žulj,71.0
3518,H. Harbaoui,71.0
3722,M. Ardemagni,71.0
3541,M. Robak,71.0
3555,L. Spalvis,71.0
3493,Ricardo Valente,71.0
3563,G. Denis,71.0
3565,I. Uche,71.0
3566,R. Ovelar,71.0
3617,Y. Kermorgant,71.0
3488,L. Dimata,71.0
3620,C. Wickham,71.0
3629,Paulao Junqueiras,71.0
3721,Cristian Lodeira,71.0
3715,D. Álvarez,71.0
3707,Guedes,71.0
3702,D. Selke,71.0
3687,De Tomás,71.0
3665,Chong Te Se,71.0
3686,B. Balaj,71.0
3659,Crislan,71.0
3650,S. Longo,71.0
3487,D. Murphy,71.0
3639,Xisco,71.0
3506,T. Jurić,71.0
2736,B. Assombalonga,72.0
2739,M. Urruti,72.0
2749,A. Rudņevs,72.0
2689,J. Furch,72.0
2703,L. Castaignos,72.0
2697,N. Bendtner,72.0
2740,D. Ciofani,72.0
2340,Miguel Rosa,72.0
2678,M. Al Sahlawi,72.0
2668,J. Lucero,72.0
2664,K. Ansarifard,72.0
2656,Johnathan,72.0
2642,I. Mboyo,72.0
2636,J. Maclaren,72.0
2525,P. Mpoku,72.0
1712,Ailton Guevara,72.0
1800,J. Landiso,72.0
4738,M. Etame,72.0
1863,Y. Kubo,72.0
2759,F. Diedhiou,72.0
2306,F. Ayité,72.0
2687,Rafael Martins,72.0
2788,K. Coulibaly,72.0
3249,D. Dwyer,72.0
2801,S. Pellissier,72.0
3053,Paulinho,72.0
3072,Bueno,72.0
3088,N. Roux,72.0
3097,J. Mbakogu,72.0
3111,M. Antenucci,72.0
3114,T. Abraham,72.0
3122,Álvaro,72.0
2799,J. Perbet,72.0
3137,A. del Valle,72.0
3158,M. Sylla,72.0
3161,W. Weghorst,72.0
3172,N. Stojiljković,72.0
3180,M. Samatta,72.0
3192,A. Cornelius,72.0
3201,C. Larin,72.0
3208,F. Zampedri,72.0
3265,U. Đurđević,72.0
3268,D. Ballega,72.0
3271,I. Sylla,72.0
3274,Edinho,72.0
3287,S. Romero,72.0
3288,J. Benítez,72.0
3294,F. Melchiorri,72.0
3047,F. Adi,72.0
3044,B. Peñena,72.0
3134,K. Sigþórsson,72.0
3020,A. Bouhaddouz,72.0
2806,M. Kanazaki,72.0
2816,Orlando Sá,72.0
2828,S. Perica,72.0
2846,Toché,72.0
2852,J. Duque,72.0
2867,Oriol Riera,72.0
2870,A. Bukharov,72.0
2872,M. Rosenberg,72.0
3039,O. Estupiñán,72.0
2899,M. Gómez,72.0
2900,I. Saadi,72.0
2902,O. Kayode,72.0
2207,J. Kembo-Ekoko,72.0
2911,A. Rodríguez,72.0
2994,A. Petagna,72.0
2903,Jorge Molina,72.0
2944,Leandro Vivenço,72.0
2995,G. Murray,72.0
2943,N. Füllkrug,72.0
2941,G. Hooper,72.0
2942,F. Santander,72.0
2923,G. Laborde,72.0
2999,Evandro Rochedo,72.0
2177,S. Gakpé,73.0
2152,M. López,73.0
2160,P. Crouch,73.0
2185,B. Afobe,73.0
1707,H. Villalba,73.0
1189,O. Trejo,73.0
2203,Suk Hyun Jun,73.0
882,Y. Gourcuff,73.0
2151,D. Falcinelli,73.0
930,P. De Blasis,73.0
2147,P. Lasogga,73.0
2121,C. Jean,73.0
2120,R. Gestede,73.0
2117,G. Carrillo,73.0
2082,Y. Seleznyov,73.0
2065,Léo Bonatini,73.0
2062,B. Berisha,73.0
2056,Guerrero,73.0
2050,N. Karelis,73.0
2043,S. Araujo,73.0
2148,I. Scocco,73.0
2092,S. Armenteros,73.0
2132,E. Crivelli,73.0
2223,D. Vera,73.0
2416,L. Traoré,73.0
2426,Kim Shin Wook,73.0
2438,S. Privat,73.0
2450,K. Kamara,73.0
2463,D. Stracqualursi,73.0
2487,D. Lezcano,73.0
2496,L. Depoitre,73.0
2503,J. Schieber,73.0
2412,L. Mchedlidze,73.0
2507,F. Jara,73.0
2533,F. Uribe,73.0
2538,E. Ünal,73.0
3983,S. Allagui,73.0
3877,B. Stancu,73.0
2206,David Rodríguez,73.0
3416,E. Kachunga,73.0
3078,I. Success,73.0
2554,M. Leye,73.0
2511,A. Niane,73.0
2407,R. Mora,73.0
2568,Bobô,73.0
2399,A. Plata,73.0
2368,Kléber,73.0
2345,C. Obasi,73.0
2354,T. Bifouma,73.0
2370,J. Gustaldo,73.0
2349,H. Seferović,73.0
2381,M. Janko,73.0
2332,M. Konaté,73.0
2400,L. Ulloa,73.0
2383,I. Santini,73.0
2324,M. Caraglio,73.0
2330,Nélson Oliveira,73.0
2314,E. Triverio,73.0
2300,A. Erokhin,73.0
2288,Jadson Vidigal,73.0
2277,M. Erdinç,73.0
2273,D. Čop,73.0
2384,C. Sortomayrés,73.0
2268,Hélton Celanova,73.0
2390,M. Larrondo,73.0
2322,H. Rodallega,73.0
1700,D. Damjanović,74.0
1760,G. Sio,74.0
1740,A. Hassan,74.0
1717,Fernandão,74.0
1710,A. Hernández,74.0
1763,O. Kamara,74.0
1698,J. Calleri,74.0
1592,E. Derdiyok,74.0
1650,F. Di Santo,74.0
1636,M. Livaja,74.0
1615,D. Sakho,74.0
1613,M. Maccarone,74.0
1605,Caiuby,74.0
1766,S. García,74.0
1480,Y. Poulsen,74.0
1382,J. Altidore,74.0
2856,A. Esswein,74.0
1654,Joselu,74.0
1770,Luimo Boas Santos,74.0
1659,L. Griffiths,74.0
1786,Nicholas Aldair,74.0
1776,D. Gayle,74.0
1918,K. Iheanacho,74.0
1893,E. Gigliotti,74.0
1921,B. Wood,74.0
1925,D. Ginczek,74.0
1937,Alex Alegría,74.0
1892,S. Floccari,74.0
1959,O. Niasse,74.0
1966,A. Szalai,74.0
1884,Kike García,74.0
1879,A. Mitrović,74.0
2025,O. Kharbin,74.0
1866,F. Đorđević,74.0
1864,O. Toivonen,74.0
1858,I. Ezekiel,74.0
1960,R. Borré,74.0
1844,A. Cambrillo,74.0
1794,Bruno Moreira,74.0
1796,B. Wright-Phillips,74.0
1799,C. Wilson,74.0
1856,L. Lereas,74.0
2488,K. Panchenko,74.0
1804,F. Mora,74.0
1808,R. Babel,74.0
1813,C. Wood,74.0
1895,J. Kodjia,74.0
1824,G. Rivas,74.0
1832,R. Inglese,74.0
2035,Welthon,74.0
1838,R. van Wolfswinkel,74.0
1833,M. Dembélé,74.0
1819,M. Martins,74.0
860,J. Farfán,75.0
1293,R. Berić,75.0
1275,S. Kießling,75.0
1268,B. Fornaroli,75.0
1260,S. Vokes,75.0
1251,N. Petersen,75.0
1002,K. Huntelaar,75.0
1226,J. Vossen,75.0
1222,A. Finnbogason,75.0
1219,Agirretxe,75.0
1218,S. Berahino,75.0
1217,S. Long,75.0
552,B. Traoré,75.0
659,G. dos Santos,75.0
1299,M. Destro,75.0
1242,D. Ings,75.0
378,H. Ben Arfa,75.0
1375,G. Lapadula,75.0
1323,R. Ábila,75.0
1572,R. Ruidíaz,75.0
1549,E. Paredes,75.0
1503,D. Moreno,75.0
1499,A. Delort,75.0
1495,F. Niederlechner,75.0
1491,F. Ferreyra,75.0
1466,D. Cvitanich,75.0
1457,I. Sosa,75.0
1441,M. Boselli,75.0
1439,G. Pazzini,75.0
1435,N. Castillo,75.0
1409,L. Diony,75.0
1507,Mariano,75.0
1396,Dyego Sousa,75.0
1395,Roger,75.0
1393,S. Mounié,75.0
1386,K. Babacar,75.0
1383,L. de Jong,75.0
1381,Y. Mutō,75.0
1331,N. Nikolić,75.0
1370,Éder,75.0
1403,A. Matri,75.0
1341,O. Peralta,75.0
1363,R. Meggiorini,75.0
1356,F. Borini,75.0
1345,A. Paloschi,75.0
168,S. Giovinco,76.0
937,G. Hoarau,76.0
755,M. Sabitzer,76.0
809,M. Sabitzer,76.0
725,A. Ruiz,76.0
125,A. Gómez,76.0
929,N. Blandi,76.0
494,T. Walcott,76.0
1109,F. Caicedo,76.0
1190,V. Janssen,76.0
1081,Sandro,76.0
1125,S. Terodde,76.0
1136,S. Okaka,76.0
1072,S. Haller,76.0
1149,Charles,76.0
1162,Diogo Jota,76.0
1311,J. Rodriguez,76.0
1053,J. Córdoba,76.0
1155,S. Azmoun,76.0
1183,Rui Fonte,76.0
992,Sergio León,76.0
995,S. Okazaki,76.0
1006,L. Rémy,76.0
1208,P. Schick,76.0
947,L. Pavoletti,76.0
1033,A. Gray,76.0
695,André Silva,77.0
704,O. Al Soma,77.0
757,R. Jiménez,77.0
723,D. Zapata,77.0
724,D. Benedetto,77.0
561,A. Milik,77.0
744,J. Martínez,77.0
203,N. Fekir,77.0
679,Negredo,77.0
758,E. Sala,77.0
939,E. Choupo-Moting,77.0
778,L. Teodorczyk,77.0
922,R. Funes Mori,77.0
899,C. Tosun,77.0
891,B. Yılmaz,77.0
890,A. Dzyuba,77.0
867,M. Borriello,77.0
866,M. Ruben,77.0
760,M. Niang,77.0
859,Borja Bastón,77.0
858,J. Guidetti,77.0
714,A. Sanabria,77.0
836,V. Aboubakar,77.0
824,O. Al Soma,77.0
785,J. Guidetti,77.0
787,V. Aboubakar,77.0
792,R. Funes Mori,77.0
798,T. Gutiérrez,77.0
799,C. Austin,77.0
850,R. Palacio,77.0
802,L. López,77.0
671,B. Gomis,78.0
293,Raffael,78.0
280,C. Vela,78.0
458,D. Welbeck,78.0
61,D. Mertens,78.0
521,Soares,78.0
523,F. Andone,78.0
1066,C. Théréau,78.0
568,Zé Luís,78.0
590,N. Jørgensen,78.0
594,M. Gabbiadini,78.0
614,W. Bony,78.0
617,Jonathas,78.0
618,G. Bou,78.0
631,S. Wagner,78.0
663,A. Gyan,78.0
553,L. Vietto,78.0
587,Paco Alcácer,78.0
364,K. Mitroglou,79.0
205,K. Baldé Diao,79.0
255,M. Balotelli,79.0
316,J. Vardy,79.0
361,C. Benteke,79.0
451,S. Rondón,79.0
387,W. Rooney,79.0
516,J. Defoe,79.0
499,S. Kalou,79.0
380,A. Gignac,79.0
457,F. Smolov,79.0
435,Sergi Enrich,79.0
429,L. Muriel,79.0
422,V. Germain,79.0
417,M. Batshuayi,79.0
497,V. Ibišević,79.0
390,Fernando Torres,79.0
391,S. Eto'o,79.0
292,M. Gómez,80.0
296,David Villa,80.0
330,Lucas Pérez,80.0
202,I. Slimani,80.0
329,W. Ben Yedder,80.0
322,S. Zaza,80.0
216,C. Bacca,80.0
359,N. Kalinić,80.0
299,Gabriel Jesus,80.0
235,H. Son,80.0
278,D. Sturridge,80.0
269,O. Giroud,80.0
271,J. Hernández,80.0
160,B. Dost,81.0
210,A. Martial,81.0
246,C. Immobile,81.0
240,Willian José,81.0
208,T. Werner,81.0
178,K. Gameiro,81.0
138,A. Belotti,82.0
121,Falcao,82.0
113,E. Džeko,82.0
101,Morata,82.0
100,M. Icardi,82.0
127,K. Mbappé,82.0
52,T. Müller,83.0
19,P. Dybala,83.0
73,A. Lacazette,83.0
64,K. Benzema,83.0
126,Aduriz,83.0
58,Diego Costa,83.0
50,R. Lukaku,84.0
46,H. Kane,84.0
38,E. Cavani,84.0
31,Z. Ibrahimović,84.0
23,P. Aubameyang,85.0
16,S. Agüero,86.0
9,G. Higuaín,87.0
5,R. Lewandowski,88.0
3,L. Suárez,88.0
0,Cristiano Ronaldo,92.0
